source	target	constructor	kind	argument
229	228	auth.firebasePnvIntent	ProvenNotEmitted	
229	228	buttonTypeDefault	ProvenNotEmitted	
229	228	buttonTypeRequestGeoLocation	ProvenNotEmitted	
229	228	buttonTypeRequestPeer	ProvenNotEmitted	
229	228	buttonTypeRequestPhone	ProvenNotEmitted	
229	228	buttonTypeRequestPoll	ProvenNotEmitted	
229	228	buttonTypeSimpleWebView	ProvenNotEmitted	
229	228	channelFull	Mechanical	
229	228	chatAdminRights	Mechanical	
229	228	chatFull	Mechanical	
229	228	ephemeral.welcomeMessages	ProvenNotEmitted	
229	228	ephemeral.welcomeMessagesNotModified	ProvenNotEmitted	
229	228	ephemeralMessage	ProvenNotEmitted	
229	228	inlineButtonTypeBuy	ProvenNotEmitted	
229	228	inlineButtonTypeCallback	ProvenNotEmitted	
229	228	inlineButtonTypeCopy	ProvenNotEmitted	
229	228	inlineButtonTypeDisabled	ProvenNotEmitted	
229	228	inlineButtonTypeGame	ProvenNotEmitted	
229	228	inlineButtonTypeSwitchInline	ProvenNotEmitted	
229	228	inlineButtonTypeUrl	ProvenNotEmitted	
229	228	inlineButtonTypeUrlAuth	ProvenNotEmitted	
229	228	inlineButtonTypeUserProfile	ProvenNotEmitted	
229	228	inlineButtonTypeWebView	ProvenNotEmitted	
229	228	inputButtonTypeRequestPeer	ProvenNotEmitted	
229	228	inputInlineButtonTypeUrlAuth	ProvenNotEmitted	
229	228	inputInlineButtonTypeUserProfile	ProvenNotEmitted	
229	228	inputInvoiceStarGiftResale	Mechanical	
229	228	inputSendMessageRichMessageDraftAction	Mechanical	
229	228	keyboardButton	Semantic	convert_229_to_228_keyboardButton
229	228	keyboardInlineButton	Semantic	convert_229_to_228_keyboardInlineButton
229	228	keyboardInlineButtonRow	Semantic	convert_229_to_228_keyboardInlineButtonRow
229	228	messageActionChatJoinedViaCommunity	ProvenNotEmitted	
229	228	messageActionStarGiftUnique	Mechanical	
229	228	pageBlockBlockquote	Mechanical	
229	228	pageBlockButtonRow	ProvenNotEmitted	
229	228	pageBlockDocument	ProvenNotEmitted	
229	228	pageBlockTable	Mechanical	
229	228	pageButton	ProvenNotEmitted	
229	228	replyInlineMarkup	Semantic	convert_229_to_228_replyInlineMarkup
229	228	replyKeyboardMarkup	Mechanical	
229	228	richButtonStyle	ProvenNotEmitted	
229	228	sendMessageRichMessageDraftAction	Mechanical	
229	228	sendMessageStopDraftAction	ProvenNotEmitted	
229	228	sendMessageTextDraftAction	Mechanical	
229	228	textButton	ProvenNotEmitted	
229	228	updateEphemeralBotCallbackQuery	ProvenNotEmitted	
228	227	botCommand	Mechanical	
228	227	channel	Mechanical	
228	227	chatAdminRights	Mechanical	
228	227	chatBannedRights	Mechanical	
228	227	communities.participantJoinedChats	ProvenNotEmitted	
228	227	communities.peerLinkRequests	ProvenNotEmitted	
228	227	community	ProvenNotEmitted	
228	227	communityForbidden	ProvenNotEmitted	
228	227	communityFull	ProvenNotEmitted	
228	227	communityPeer	ProvenNotEmitted	
228	227	communityPeerRequest	ProvenNotEmitted	
228	227	dialogCommunity	ProvenNotEmitted	
228	227	dialogPeerCommunity	ProvenNotEmitted	
228	227	ephemeralMessage	ProvenNotEmitted	
228	227	inputAiComposeToneSingleUse	ProvenNotEmitted	
228	227	inputDialogPeerCommunity	ProvenNotEmitted	
228	227	inputNotifyCommunity	ProvenNotEmitted	
228	227	inputReplyToEphemeralMessage	ProvenNotEmitted	
228	227	messageActionChangeCommunity	ProvenNotEmitted	
228	227	messageReplyHeader	Mechanical	
228	227	messages.chatInviteJoinResultWebView	ProvenNotEmitted	
228	227	messages.composedRichMessageWithAI	ProvenNotEmitted	
228	227	messages.translatedRichMessage	ProvenNotEmitted	
228	227	notifyCommunity	ProvenNotEmitted	
228	227	textDiff	ProvenNotEmitted	
228	227	updateBotStarsSubscription	NoTargetConstructor	
228	227	updateDeleteEphemeralMessages	ProvenNotEmitted	
228	227	updateEditEphemeralMessage	ProvenNotEmitted	
228	227	updateEphemeralBotCallbackQuery	ProvenNotEmitted	
228	227	updateNewEphemeralMessage	ProvenNotEmitted	
228	227	user	Mechanical	
227	225	account.webBrowserSettings	ProvenNotEmitted	
227	225	account.webBrowserSettingsNotModified	ProvenNotEmitted	
227	225	botInlineMessageRichMessage	ProvenNotEmitted	
227	225	channelFull	Mechanical	
227	225	connectedBot	Mechanical	
227	225	draftMessage	Mechanical	
227	225	inputBotInlineMessageRichMessage	ProvenNotEmitted	
227	225	inputPageBlockMap	ProvenNotEmitted	
227	225	inputRichFileDocument	ProvenNotEmitted	
227	225	inputRichFilePhoto	ProvenNotEmitted	
227	225	inputRichMessage	ProvenNotEmitted	
227	225	inputRichMessageHTML	ProvenNotEmitted	
227	225	inputRichMessageMarkdown	ProvenNotEmitted	
227	225	inputSendMessageRichMessageDraftAction	ProvenNotEmitted	
227	225	joinChatBotResultApproved	ProvenNotEmitted	
227	225	joinChatBotResultDeclined	ProvenNotEmitted	
227	225	joinChatBotResultQueued	ProvenNotEmitted	
227	225	joinChatBotResultWebView	ProvenNotEmitted	
227	225	message	Mechanical	
227	225	messages.chatInviteJoinResultOk	Unwrap	updates
227	225	messages.chatInviteJoinResultWebView	ProvenNotEmitted	
227	225	pageBlockBlockquoteBlocks	ProvenNotEmitted	
227	225	pageBlockHeading1	ProvenNotEmitted	
227	225	pageBlockHeading2	ProvenNotEmitted	
227	225	pageBlockHeading3	ProvenNotEmitted	
227	225	pageBlockHeading4	ProvenNotEmitted	
227	225	pageBlockHeading5	ProvenNotEmitted	
227	225	pageBlockHeading6	ProvenNotEmitted	
227	225	pageBlockMath	ProvenNotEmitted	
227	225	pageBlockOrderedList	Mechanical	
227	225	pageBlockPhoto	Mechanical	
227	225	pageBlockThinking	ProvenNotEmitted	
227	225	pageBlockVideo	Mechanical	
227	225	pageListItemBlocks	Mechanical	
227	225	pageListItemText	Mechanical	
227	225	pageListOrderedItemBlocks	ProvenNotEmitted	
227	225	pageListOrderedItemText	ProvenNotEmitted	
227	225	richMessage	ProvenNotEmitted	
227	225	sendMessageRichMessageDraftAction	ProvenNotEmitted	
227	225	textAutoEmail	ProvenNotEmitted	
227	225	textAutoPhone	ProvenNotEmitted	
227	225	textAutoUrl	ProvenNotEmitted	
227	225	textBankCard	ProvenNotEmitted	
227	225	textBotCommand	ProvenNotEmitted	
227	225	textCashtag	ProvenNotEmitted	
227	225	textCustomEmoji	ProvenNotEmitted	
227	225	textDate	ProvenNotEmitted	
227	225	textHashtag	ProvenNotEmitted	
227	225	textMath	ProvenNotEmitted	
227	225	textMention	ProvenNotEmitted	
227	225	textMentionName	ProvenNotEmitted	
227	225	textSpoiler	ProvenNotEmitted	
227	225	updateBotChatInviteRequester	Mechanical	
227	225	updateJoinChatWebViewDecision	ProvenNotEmitted	
227	225	updateNewBotConnection	ProvenNotEmitted	
227	225	updateWebBrowserException	ProvenNotEmitted	
227	225	updateWebBrowserSettings	ProvenNotEmitted	
227	225	user	Mechanical	
227	225	webDomainException	ProvenNotEmitted	
227	225	webViewResultUrl	Mechanical	
225	224	aiComposeTone	ProvenNotEmitted	
225	224	aiComposeToneDefault	ProvenNotEmitted	
225	224	aiComposeToneExample	ProvenNotEmitted	
225	224	aicompose.tones	ProvenNotEmitted	
225	224	aicompose.tonesNotModified	ProvenNotEmitted	
225	224	auth.sentCodePaymentRequired	Mechanical	
225	224	bots.accessSettings	ProvenNotEmitted	
225	224	chatBannedRights	Mechanical	
225	224	inputAiComposeToneDefault	ProvenNotEmitted	
225	224	inputAiComposeToneID	ProvenNotEmitted	
225	224	inputAiComposeToneSlug	ProvenNotEmitted	
225	224	inputStorePaymentAuthCode	Mechanical	
225	224	message	Mechanical	
225	224	poll	Mechanical	
225	224	pollResults	Mechanical	
225	224	stats.pollStats	ProvenNotEmitted	
225	224	topPeerCategoryBotsGuestChat	ProvenNotEmitted	
225	224	updateAiComposeTones	ProvenNotEmitted	
225	224	updateBotGuestChatQuery	NoTargetConstructor	
225	224	user	Mechanical	
225	224	webPageAttributeAiComposeTone	ProvenNotEmitted	
224	223	bots.exportedBotToken	ProvenNotEmitted	
224	223	bots.requestedButton	ProvenNotEmitted	
224	223	dialog	Mechanical	
224	223	forumTopic	Mechanical	
224	223	inputMediaPhoto	Mechanical	
224	223	inputMediaPoll	ProvenNotEmitted	
224	223	inputMediaUploadedPhoto	Mechanical	
224	223	inputMessageReadMetric	ProvenNotEmitted	
224	223	inputMessagesFilterPoll	ProvenNotEmitted	
224	223	inputPollAnswer	ProvenNotEmitted	
224	223	inputReplyToMessage	Mechanical	
224	223	messageActionManagedBotCreated	ProvenNotEmitted	
224	223	messageActionPollAppendAnswer	ProvenNotEmitted	
224	223	messageActionPollDeleteAnswer	ProvenNotEmitted	
224	223	messageEntityDiffDelete	ProvenNotEmitted	
224	223	messageEntityDiffInsert	ProvenNotEmitted	
224	223	messageEntityDiffReplace	ProvenNotEmitted	
224	223	messageMediaPhoto	Mechanical	
224	223	messageMediaPoll	Mechanical	
224	223	messageReplyHeader	Mechanical	
224	223	messages.composedMessageWithAI	ProvenNotEmitted	
224	223	poll	Mechanical	
224	223	pollAnswer	Mechanical	
224	223	pollAnswerVoters	Semantic	convert_224_to_223_pollAnswerVoters
224	223	pollResults	Mechanical	
224	223	reactionsNotifySettings	Mechanical	
224	223	requestPeerTypeCreateBot	ProvenNotEmitted	
224	223	storyItem	Mechanical	
224	223	updateManagedBot	NoTargetConstructor	
224	223	updateMessagePoll	Mechanical	
224	223	updateMessagePollVote	Mechanical	
224	223	urlAuthResultRequest	Mechanical	
224	223	user	Mechanical	
224	223	userFull	Mechanical	
223	222	channelAdminLogEventActionParticipantEditRank	ProvenNotEmitted	
223	222	channelAdminLogEventsFilter	Mechanical	
223	222	channelParticipant	Mechanical	
223	222	channelParticipantBanned	Mechanical	
223	222	channelParticipantSelf	Mechanical	
223	222	chatAdminRights	Mechanical	
223	222	chatBannedRights	Mechanical	
223	222	chatParticipant	Mechanical	
223	222	chatParticipantAdmin	Mechanical	
223	222	chatParticipantCreator	Mechanical	
223	222	message	Mechanical	
223	222	messageActionNoForwardsRequest	ProvenNotEmitted	
223	222	messageActionNoForwardsToggle	ProvenNotEmitted	
223	222	messageEntityFormattedDate	ProvenNotEmitted	
223	222	updateChatParticipantRank	ProvenNotEmitted	
223	222	urlAuthResultRequest	Mechanical	
223	222	userFull	Mechanical	
222	221	channelForbidden	Mechanical	
222	221	inputKeyboardButtonRequestPeer	Mechanical	
222	221	inputKeyboardButtonUrlAuth	Mechanical	
222	221	inputKeyboardButtonUserProfile	Mechanical	
222	221	keyboardButton	Mechanical	
222	221	keyboardButtonBuy	Mechanical	
222	221	keyboardButtonCallback	Mechanical	
222	221	keyboardButtonCopy	Mechanical	
222	221	keyboardButtonGame	Mechanical	
222	221	keyboardButtonRequestGeoLocation	Mechanical	
222	221	keyboardButtonRequestPeer	Mechanical	
222	221	keyboardButtonRequestPhone	Mechanical	
222	221	keyboardButtonRequestPoll	Mechanical	
222	221	keyboardButtonSimpleWebView	Mechanical	
222	221	keyboardButtonStyle	ProvenNotEmitted	
222	221	keyboardButtonSwitchInline	Mechanical	
222	221	keyboardButtonUrl	Mechanical	
222	221	keyboardButtonUrlAuth	Mechanical	
222	221	keyboardButtonUserProfile	Mechanical	
222	221	keyboardButtonWebView	Mechanical	
222	221	messageActionChangeCreator	ProvenNotEmitted	
222	221	messageActionNewCreatorPending	ProvenNotEmitted	
222	221	messageActionStarGiftUnique	Mechanical	
222	221	savedStarGift	Mechanical	
222	221	starGiftAttributeBackdrop	ProvenNotEmitted	
222	221	starGiftAttributeModel	ProvenNotEmitted	
222	221	starGiftAttributePattern	ProvenNotEmitted	
222	221	starGiftAttributeRarity	ProvenNotEmitted	
222	221	starGiftAttributeRarityEpic	ProvenNotEmitted	
222	221	starGiftAttributeRarityLegendary	ProvenNotEmitted	
222	221	starGiftAttributeRarityRare	ProvenNotEmitted	
222	221	starGiftAttributeRarityUncommon	ProvenNotEmitted	
222	221	starGiftUnique	Mechanical	
222	221	updateStarGiftCraftFail	ProvenNotEmitted	
222	221	urlAuthResultAccepted	ProvenNotEmitted	
222	221	urlAuthResultRequest	Mechanical	
222	221	user	Mechanical	
221	220	inputMediaStakeDice	ProvenNotEmitted	
221	220	inputPasskeyCredentialFirebasePNV	ProvenNotEmitted	
221	220	message	Mechanical	
221	220	messageMediaDice	Mechanical	
221	220	messageService	Semantic	convert_221_to_220_messageService
221	220	messages.emojiGameDiceInfo	ProvenNotEmitted	
221	220	messages.emojiGameOutcome	ProvenNotEmitted	
221	220	messages.emojiGameUnavailable	ProvenNotEmitted	
221	220	updateEmojiGameInfo	ProvenNotEmitted	
220	219	messageActionStarGift	Mechanical	
220	219	messageActionStarGiftPurchaseOffer	ProvenNotEmitted	
220	219	messageActionStarGiftPurchaseOfferDeclined	ProvenNotEmitted	
220	219	messageActionStarGiftUnique	Mechanical	
220	219	messageService	Mechanical	
220	219	payments.starGiftActiveAuctions	Mechanical	
220	219	payments.starGiftAuctionState	Mechanical	
220	219	payments.starGiftUpgradeAttributes	ProvenNotEmitted	
220	219	savedStarGift	Mechanical	
220	219	starGift	Mechanical	
220	219	starGiftAuctionAcquiredGift	Mechanical	
220	219	starGiftAuctionRound	ProvenNotEmitted	
220	219	starGiftAuctionRoundExtendable	ProvenNotEmitted	
220	219	starGiftAuctionState	Mechanical	
220	219	starGiftAuctionStateFinished	Mechanical	
220	219	starGiftBackground	ProvenNotEmitted	
220	219	starGiftUnique	Mechanical	
220	219	webPageAttributeStarGiftAuction	ProvenNotEmitted	
219	218	account.passkeyRegistrationOptions	ProvenNotEmitted	
219	218	account.passkeys	ProvenNotEmitted	
219	218	auth.passkeyLoginOptions	ProvenNotEmitted	
219	218	inputPasskeyCredentialPublicKey	ProvenNotEmitted	
219	218	inputPasskeyResponseLogin	ProvenNotEmitted	
219	218	inputPasskeyResponseRegister	ProvenNotEmitted	
219	218	passkey	ProvenNotEmitted	
219	218	starsTransaction	Mechanical	
218	217	auctionBidLevel	ProvenNotEmitted	
218	217	inputInvoiceStarGiftAuctionBid	ProvenNotEmitted	
218	217	inputStarGiftAuction	ProvenNotEmitted	
218	217	inputStarGiftAuctionSlug	ProvenNotEmitted	
218	217	messageActionStarGift	Mechanical	
218	217	payments.starGiftActiveAuctions	ProvenNotEmitted	
218	217	payments.starGiftActiveAuctionsNotModified	ProvenNotEmitted	
218	217	payments.starGiftAuctionAcquiredGifts	ProvenNotEmitted	
218	217	payments.starGiftAuctionState	ProvenNotEmitted	
218	217	starGift	Mechanical	
218	217	starGiftActiveAuctionState	ProvenNotEmitted	
218	217	starGiftAuctionAcquiredGift	ProvenNotEmitted	
218	217	starGiftAuctionState	ProvenNotEmitted	
218	217	starGiftAuctionStateFinished	ProvenNotEmitted	
218	217	starGiftAuctionStateNotModified	ProvenNotEmitted	
218	217	starGiftAuctionUserState	ProvenNotEmitted	
218	217	starsTransaction	Mechanical	
218	217	updateStarGiftAuctionState	ProvenNotEmitted	
218	217	updateStarGiftAuctionUserState	ProvenNotEmitted	
218	217	webPageAttributeStarGiftAuction	ProvenNotEmitted	
217	216	channel	Semantic	convert_217_to_216_channel
217	216	disallowedGiftsSettings	Mechanical	
217	216	groupCall	Mechanical	
217	216	groupCallDonor	ProvenNotEmitted	
217	216	groupCallMessage	ProvenNotEmitted	
217	216	groupCallParticipant	Mechanical	
217	216	inputPrivacyKeySavedMusic	NoTargetConstructor	
217	216	message	Mechanical	
217	216	messageActionGiftCode	ProvenNotEmitted	
217	216	messageActionGiftPremium	ProvenNotEmitted	
217	216	messageMediaVideoStream	ProvenNotEmitted	
217	216	payments.checkedGiftCode	ProvenNotEmitted	
217	216	phone.groupCallStars	ProvenNotEmitted	
217	216	privacyKeySavedMusic	NoTargetConstructor	
217	216	recentStory	ProvenNotEmitted	
217	216	starsTransaction	Mechanical	
217	216	storyItemSkipped	Mechanical	
217	216	todoCompletion	ProvenNotEmitted	
217	216	updateDeleteGroupCallMessages	ProvenNotEmitted	
217	216	updateGroupCall	Semantic	convert_217_to_216_updateGroupCall
217	216	updateGroupCallMessage	ProvenNotEmitted	
217	216	user	Semantic	convert_217_to_216_user
216	215	forumTopic	Mechanical	
216	215	groupCall	Mechanical	
216	215	inputPeerColorCollectible	ProvenNotEmitted	
216	215	inputPhoneContact	Mechanical	
216	215	messageActionStarGiftUnique	Mechanical	
216	215	messageActionSuggestBirthday	ProvenNotEmitted	
216	215	messageActionTopicCreate	Mechanical	
216	215	messages.messages	Mechanical	
216	215	messages.messagesSlice	Mechanical	
216	215	peerColorCollectible	ProvenNotEmitted	
216	215	sendMessageTextDraftAction	ProvenNotEmitted	
216	215	starGift	Mechanical	
216	215	starGiftUnique	Mechanical	
216	215	updateGroupCallEncryptedMessage	ProvenNotEmitted	
216	215	updateGroupCallMessage	ProvenNotEmitted	
216	215	updatePinnedForumTopic	Semantic	convert_216_to_215_updatePinnedForumTopic
216	215	updatePinnedForumTopics	Semantic	convert_216_to_215_updatePinnedForumTopics
216	215	updateReadHistoryInbox	Mechanical	
216	215	updateUserTyping	Mechanical	
216	215	user	Mechanical	
216	215	userFull	Mechanical	
215	214	account.chatThemes	ProvenNotEmitted	
215	214	auth.sentCodePaymentRequired	Mechanical	
215	214	inputInvoicePremiumAuthCode	ProvenNotEmitted	
215	214	inputInvoiceStarGiftDropOriginalDetails	ProvenNotEmitted	
215	214	messageActionStarGiftUnique	Mechanical	
215	214	payments.starGiftUpgradePreview	Mechanical	
215	214	savedStarGift	Mechanical	
215	214	starGiftUpgradePrice	ProvenNotEmitted	
215	214	starsTransaction	Mechanical	
214	150	account.autoSaveSettings	NoTargetConstructor	
214	150	account.businessChatLinks	ProvenNotEmitted	
214	150	account.chatThemes	ProvenNotEmitted	
214	150	account.chatThemesNotModified	ProvenNotEmitted	
214	150	account.connectedBots	ProvenNotEmitted	
214	150	account.paidMessagesRevenue	ProvenNotEmitted	
214	150	account.resolvedBusinessChatLinks	ProvenNotEmitted	
214	150	account.savedMusicIds	NoTargetConstructor	
214	150	account.savedMusicIdsNotModified	NoTargetConstructor	
214	150	attachMenuBot	ProvenNotEmitted	
214	150	auth.authorization	Mechanical	
214	150	auth.sentCodePaymentRequired	ProvenNotEmitted	
214	150	auth.sentCodeSuccess	ProvenNotEmitted	
214	150	auth.sentCodeTypeEmailCode	ProvenNotEmitted	
214	150	auth.sentCodeTypeFirebaseSms	ProvenNotEmitted	
214	150	auth.sentCodeTypeSmsPhrase	ProvenNotEmitted	
214	150	auth.sentCodeTypeSmsWord	ProvenNotEmitted	
214	150	authorization	Mechanical	
214	150	autoDownloadSettings	Mechanical	
214	150	autoSaveException	NoTargetConstructor	
214	150	autoSaveSettings	NoTargetConstructor	
214	150	availableEffect	ProvenNotEmitted	
214	150	birthday	NoTargetConstructor	
214	150	boost	ProvenNotEmitted	
214	150	botApp	ProvenNotEmitted	
214	150	botAppNotModified	ProvenNotEmitted	
214	150	botAppSettings	ProvenNotEmitted	
214	150	botBusinessConnection	ProvenNotEmitted	
214	150	botInfo	Mechanical	
214	150	botInlineMessageMediaAuto	Mechanical	
214	150	botInlineMessageMediaWebPage	ProvenNotEmitted	
214	150	botInlineMessageText	Mechanical	
214	150	botPreviewMedia	ProvenNotEmitted	
214	150	botVerification	ProvenNotEmitted	
214	150	botVerifierSettings	ProvenNotEmitted	
214	150	bots.botInfo	ProvenNotEmitted	
214	150	bots.popularAppBots	ProvenNotEmitted	
214	150	bots.previewInfo	ProvenNotEmitted	
214	150	businessAwayMessage	ProvenNotEmitted	
214	150	businessAwayMessageScheduleAlways	ProvenNotEmitted	
214	150	businessAwayMessageScheduleCustom	ProvenNotEmitted	
214	150	businessAwayMessageScheduleOutsideWorkHours	ProvenNotEmitted	
214	150	businessBotRecipients	ProvenNotEmitted	
214	150	businessBotRights	ProvenNotEmitted	
214	150	businessChatLink	ProvenNotEmitted	
214	150	businessGreetingMessage	ProvenNotEmitted	
214	150	businessIntro	ProvenNotEmitted	
214	150	businessLocation	ProvenNotEmitted	
214	150	businessRecipients	ProvenNotEmitted	
214	150	businessWeeklyOpen	ProvenNotEmitted	
214	150	businessWorkHours	ProvenNotEmitted	
214	150	channel	Mechanical	
214	150	channelAdminLogEventActionChangeEmojiStatus	NoTargetConstructor	
214	150	channelAdminLogEventActionChangeEmojiStickerSet	NoTargetConstructor	
214	150	channelAdminLogEventActionChangePeerColor	NoTargetConstructor	
214	150	channelAdminLogEventActionChangeProfilePeerColor	NoTargetConstructor	
214	150	channelAdminLogEventActionChangeWallpaper	NoTargetConstructor	
214	150	channelAdminLogEventActionParticipantJoinByInvite	Mechanical	
214	150	channelAdminLogEventActionParticipantSubExtend	NoTargetConstructor	
214	150	channelAdminLogEventActionToggleAutotranslation	NoTargetConstructor	
214	150	channelAdminLogEventActionToggleSignatureProfiles	NoTargetConstructor	
214	150	channelFull	Mechanical	
214	150	channelParticipant	Mechanical	
214	150	channelParticipantSelf	Mechanical	
214	150	channels.sponsoredMessageReportResultAdsHidden	ProvenNotEmitted	
214	150	channels.sponsoredMessageReportResultChooseOption	ProvenNotEmitted	
214	150	channels.sponsoredMessageReportResultReported	ProvenNotEmitted	
214	150	chatAdminRights	Mechanical	
214	150	chatBannedRights	Mechanical	
214	150	chatFull	Mechanical	
214	150	chatInvite	Mechanical	
214	150	chatInviteExported	Mechanical	
214	150	chatTheme	NoTargetConstructor	
214	150	chatThemeUniqueGift	ProvenNotEmitted	
214	150	chatlists.chatlistInvite	NoTargetConstructor	
214	150	chatlists.chatlistInviteAlready	NoTargetConstructor	
214	150	chatlists.chatlistUpdates	NoTargetConstructor	
214	150	chatlists.exportedChatlistInvite	NoTargetConstructor	
214	150	chatlists.exportedInvites	NoTargetConstructor	
214	150	codeSettings	Mechanical	
214	150	config	Semantic	convert_214_to_150_config
214	150	connectedBot	ProvenNotEmitted	
214	150	connectedBotStarRef	ProvenNotEmitted	
214	150	contactBirthday	NoTargetConstructor	
214	150	contacts.contactBirthdays	NoTargetConstructor	
214	150	contacts.sponsoredPeers	ProvenNotEmitted	
214	150	contacts.sponsoredPeersEmpty	ProvenNotEmitted	
214	150	dialogFilter	Semantic	convert_214_to_150_dialogFilter
214	150	dialogFilterChatlist	NoTargetConstructor	
214	150	disallowedGiftsSettings	ProvenNotEmitted	
214	150	documentAttributeVideo	Semantic	convert_214_to_150_documentAttributeVideo
214	150	draftMessage	Semantic	convert_214_to_150_draftMessage
214	150	emojiGroup	NoTargetConstructor	
214	150	emojiGroupGreeting	NoTargetConstructor	
214	150	emojiGroupPremium	ProvenNotEmitted	
214	150	emojiList	NoTargetConstructor	
214	150	emojiListNotModified	NoTargetConstructor	
214	150	emojiStatus	Mechanical	
214	150	emojiStatusCollectible	ProvenNotEmitted	
214	150	exportedChatlistInvite	NoTargetConstructor	
214	150	exportedStoryLink	ProvenNotEmitted	
214	150	factCheck	ProvenNotEmitted	
214	150	foundStory	ProvenNotEmitted	
214	150	fragment.collectibleInfo	ProvenNotEmitted	
214	150	geoPointAddress	ProvenNotEmitted	
214	150	globalPrivacySettings	Semantic	convert_214_to_150_globalPrivacySettings
214	150	groupCall	Mechanical	
214	150	help.appConfig	Unwrap	config
214	150	help.appConfigNotModified	NoTargetConstructor	
214	150	help.peerColorOption	ProvenNotEmitted	
214	150	help.peerColorProfileSet	ProvenNotEmitted	
214	150	help.peerColorSet	ProvenNotEmitted	
214	150	help.peerColors	NoTargetConstructor	
214	150	help.peerColorsNotModified	ProvenNotEmitted	
214	150	help.promoData	ProvenNotEmitted	
214	150	help.timezonesList	NoTargetConstructor	
214	150	help.timezonesListNotModified	NoTargetConstructor	
214	150	inlineBotWebView	ProvenNotEmitted	
214	150	inlineQueryPeerTypeBotPM	ProvenNotEmitted	
214	150	inputBotAppID	ProvenNotEmitted	
214	150	inputBotAppShortName	ProvenNotEmitted	
214	150	inputBotInlineMessageMediaAuto	Mechanical	
214	150	inputBotInlineMessageMediaWebPage	ProvenNotEmitted	
214	150	inputBotInlineMessageText	Mechanical	
214	150	inputBusinessAwayMessage	ProvenNotEmitted	
214	150	inputBusinessBotRecipients	ProvenNotEmitted	
214	150	inputBusinessChatLink	ProvenNotEmitted	
214	150	inputBusinessGreetingMessage	ProvenNotEmitted	
214	150	inputBusinessIntro	ProvenNotEmitted	
214	150	inputBusinessRecipients	ProvenNotEmitted	
214	150	inputChatTheme	ProvenNotEmitted	
214	150	inputChatThemeEmpty	ProvenNotEmitted	
214	150	inputChatThemeUniqueGift	ProvenNotEmitted	
214	150	inputChatUploadedPhoto	Mechanical	
214	150	inputChatlistDialogFilter	ProvenNotEmitted	
214	150	inputCollectiblePhone	ProvenNotEmitted	
214	150	inputCollectibleUsername	ProvenNotEmitted	
214	150	inputEmojiStatusCollectible	ProvenNotEmitted	
214	150	inputFileStoryDocument	ProvenNotEmitted	
214	150	inputGroupCallInviteMessage	ProvenNotEmitted	
214	150	inputGroupCallSlug	ProvenNotEmitted	
214	150	inputInvoiceBusinessBotTransferStars	ProvenNotEmitted	
214	150	inputInvoiceChatInviteSubscription	ProvenNotEmitted	
214	150	inputInvoicePremiumGiftCode	ProvenNotEmitted	
214	150	inputInvoicePremiumGiftStars	ProvenNotEmitted	
214	150	inputInvoiceStarGift	ProvenNotEmitted	
214	150	inputInvoiceStarGiftPrepaidUpgrade	ProvenNotEmitted	
214	150	inputInvoiceStarGiftResale	ProvenNotEmitted	
214	150	inputInvoiceStarGiftTransfer	ProvenNotEmitted	
214	150	inputInvoiceStarGiftUpgrade	ProvenNotEmitted	
214	150	inputInvoiceStars	ProvenNotEmitted	
214	150	inputKeyboardButtonRequestPeer	ProvenNotEmitted	
214	150	inputMediaAreaChannelPost	ProvenNotEmitted	
214	150	inputMediaAreaVenue	ProvenNotEmitted	
214	150	inputMediaDocument	Mechanical	
214	150	inputMediaDocumentExternal	Mechanical	
214	150	inputMediaInvoice	ProvenNotEmitted	
214	150	inputMediaPaidMedia	ProvenNotEmitted	
214	150	inputMediaPhoto	Mechanical	
214	150	inputMediaPhotoExternal	Mechanical	
214	150	inputMediaStory	ProvenNotEmitted	
214	150	inputMediaTodo	ProvenNotEmitted	
214	150	inputMediaUploadedDocument	Mechanical	
214	150	inputMediaUploadedPhoto	Mechanical	
214	150	inputMediaWebPage	ProvenNotEmitted	
214	150	inputPeerNotifySettings	Mechanical	
214	150	inputPrivacyKeyAbout	NoTargetConstructor	
214	150	inputPrivacyKeyBirthday	NoTargetConstructor	
214	150	inputPrivacyKeyNoPaidMessages	NoTargetConstructor	
214	150	inputPrivacyKeyStarGiftsAutoSave	NoTargetConstructor	
214	150	inputPrivacyValueAllowBots	ProvenNotEmitted	
214	150	inputPrivacyValueAllowCloseFriends	ProvenNotEmitted	
214	150	inputPrivacyValueAllowPremium	ProvenNotEmitted	
214	150	inputPrivacyValueDisallowBots	ProvenNotEmitted	
214	150	inputQuickReplyShortcut	ProvenNotEmitted	
214	150	inputQuickReplyShortcutId	ProvenNotEmitted	
214	150	inputReplyToMessage	ProvenNotEmitted	
214	150	inputReplyToMonoForum	ProvenNotEmitted	
214	150	inputReplyToStory	ProvenNotEmitted	
214	150	inputSavedStarGiftChat	ProvenNotEmitted	
214	150	inputSavedStarGiftSlug	ProvenNotEmitted	
214	150	inputSavedStarGiftUser	ProvenNotEmitted	
214	150	inputStarsTransaction	ProvenNotEmitted	
214	150	inputStickerSetEmojiChannelDefaultStatuses	ProvenNotEmitted	
214	150	inputStickerSetItem	Mechanical	
214	150	inputStickerSetTonGifts	ProvenNotEmitted	
214	150	inputStorePaymentAuthCode	ProvenNotEmitted	
214	150	inputStorePaymentPremiumGiftCode	ProvenNotEmitted	
214	150	inputStorePaymentPremiumGiveaway	ProvenNotEmitted	
214	150	inputStorePaymentStarsGift	ProvenNotEmitted	
214	150	inputStorePaymentStarsGiveaway	ProvenNotEmitted	
214	150	inputStorePaymentStarsTopup	ProvenNotEmitted	
214	150	invoice	ProvenNotEmitted	
214	150	keyboardButtonCopy	ProvenNotEmitted	
214	150	keyboardButtonRequestPeer	ProvenNotEmitted	
214	150	keyboardButtonSwitchInline	Mechanical	
214	150	mediaAreaChannelPost	ProvenNotEmitted	
214	150	mediaAreaCoordinates	ProvenNotEmitted	
214	150	mediaAreaGeoPoint	ProvenNotEmitted	
214	150	mediaAreaStarGift	ProvenNotEmitted	
214	150	mediaAreaSuggestedReaction	ProvenNotEmitted	
214	150	mediaAreaUrl	ProvenNotEmitted	
214	150	mediaAreaVenue	ProvenNotEmitted	
214	150	mediaAreaWeather	ProvenNotEmitted	
214	150	message	Mechanical	
214	150	messageActionBoostApply	ProvenNotEmitted	
214	150	messageActionBotAllowed	ProvenNotEmitted	
214	150	messageActionConferenceCall	NoTargetConstructor	
214	150	messageActionGiftCode	ProvenNotEmitted	
214	150	messageActionGiftPremium	Mechanical	
214	150	messageActionGiftStars	ProvenNotEmitted	
214	150	messageActionGiftTon	ProvenNotEmitted	
214	150	messageActionGiveawayLaunch	ProvenNotEmitted	
214	150	messageActionGiveawayResults	ProvenNotEmitted	
214	150	messageActionPaidMessagesPrice	ProvenNotEmitted	
214	150	messageActionPaidMessagesRefunded	ProvenNotEmitted	
214	150	messageActionPaymentRefunded	ProvenNotEmitted	
214	150	messageActionPaymentSent	Mechanical	
214	150	messageActionPaymentSentMe	Mechanical	
214	150	messageActionPrizeStars	ProvenNotEmitted	
214	150	messageActionRequestedPeer	ProvenNotEmitted	
214	150	messageActionRequestedPeerSentMe	ProvenNotEmitted	
214	150	messageActionSetChatTheme	Semantic	convert_214_to_150_messageActionSetChatTheme
214	150	messageActionSetChatWallPaper	NoTargetConstructor	
214	150	messageActionStarGift	ProvenNotEmitted	
214	150	messageActionStarGiftUnique	ProvenNotEmitted	
214	150	messageActionSuggestProfilePhoto	ProvenNotEmitted	
214	150	messageActionSuggestedPostApproval	ProvenNotEmitted	
214	150	messageActionSuggestedPostRefund	ProvenNotEmitted	
214	150	messageActionSuggestedPostSuccess	ProvenNotEmitted	
214	150	messageActionTodoAppendTasks	ProvenNotEmitted	
214	150	messageActionTodoCompletions	ProvenNotEmitted	
214	150	messageEntityBlockquote	ProvenNotEmitted	
214	150	messageFwdHeader	Mechanical	
214	150	messageMediaDocument	Mechanical	
214	150	messageMediaGiveaway	ProvenNotEmitted	
214	150	messageMediaGiveawayResults	ProvenNotEmitted	
214	150	messageMediaPaidMedia	ProvenNotEmitted	
214	150	messageMediaPhoto	Mechanical	
214	150	messageMediaStory	ProvenNotEmitted	
214	150	messageMediaToDo	ProvenNotEmitted	
214	150	messageMediaWebPage	Mechanical	
214	150	messagePeerReaction	Mechanical	
214	150	messagePeerVote	NoTargetConstructor	
214	150	messagePeerVoteInputOption	NoTargetConstructor	
214	150	messagePeerVoteMultiple	NoTargetConstructor	
214	150	messageReactions	Mechanical	
214	150	messageReactor	ProvenNotEmitted	
214	150	messageReplyHeader	Semantic	convert_214_to_150_messageReplyHeader
214	150	messageReplyStoryHeader	ProvenNotEmitted	
214	150	messageReportOption	NoTargetConstructor	
214	150	messageService	Mechanical	
214	150	messages.availableEffects	NoTargetConstructor	
214	150	messages.availableEffectsNotModified	ProvenNotEmitted	
214	150	messages.botApp	ProvenNotEmitted	
214	150	messages.botPreparedInlineMessage	ProvenNotEmitted	
214	150	messages.botResults	Mechanical	
214	150	messages.dialogFilters	Unwrap	filters
214	150	messages.emojiGroups	NoTargetConstructor	
214	150	messages.emojiGroupsNotModified	NoTargetConstructor	
214	150	messages.foundStickers	NoTargetConstructor	
214	150	messages.foundStickersNotModified	NoTargetConstructor	
214	150	messages.invitedUsers	Unwrap	updates
214	150	messages.messagesSlice	Mechanical	
214	150	messages.myStickers	NoTargetConstructor	
214	150	messages.preparedInlineMessage	ProvenNotEmitted	
214	150	messages.quickReplies	ProvenNotEmitted	
214	150	messages.quickRepliesNotModified	ProvenNotEmitted	
214	150	messages.savedDialogs	NoTargetConstructor	
214	150	messages.savedDialogsNotModified	ProvenNotEmitted	
214	150	messages.savedDialogsSlice	ProvenNotEmitted	
214	150	messages.savedReactionTags	ProvenNotEmitted	
214	150	messages.savedReactionTagsNotModified	ProvenNotEmitted	
214	150	messages.sponsoredMessages	Mechanical	
214	150	messages.transcribedAudio	Mechanical	
214	150	messages.translateResult	ProvenNotEmitted	
214	150	messages.votesList	Semantic	convert_214_to_150_messages_votesList
214	150	messages.webPage	Unwrap	webpage
214	150	messages.webPagePreview	Unwrap	media
214	150	missingInvitee	NoTargetConstructor	
214	150	monoForumDialog	ProvenNotEmitted	
214	150	myBoost	ProvenNotEmitted	
214	150	outboxReadDate	NoTargetConstructor	
214	150	paidReactionPrivacyAnonymous	ProvenNotEmitted	
214	150	paidReactionPrivacyDefault	ProvenNotEmitted	
214	150	paidReactionPrivacyPeer	ProvenNotEmitted	
214	150	payments.checkCanSendGiftResultFail	ProvenNotEmitted	
214	150	payments.checkCanSendGiftResultOk	ProvenNotEmitted	
214	150	payments.checkedGiftCode	ProvenNotEmitted	
214	150	payments.connectedStarRefBots	ProvenNotEmitted	
214	150	payments.giveawayInfo	ProvenNotEmitted	
214	150	payments.giveawayInfoResults	ProvenNotEmitted	
214	150	payments.paymentFormStarGift	ProvenNotEmitted	
214	150	payments.paymentFormStars	ProvenNotEmitted	
214	150	payments.paymentReceiptStars	ProvenNotEmitted	
214	150	payments.resaleStarGifts	ProvenNotEmitted	
214	150	payments.savedStarGifts	ProvenNotEmitted	
214	150	payments.starGiftCollections	ProvenNotEmitted	
214	150	payments.starGiftCollectionsNotModified	ProvenNotEmitted	
214	150	payments.starGiftUpgradePreview	ProvenNotEmitted	
214	150	payments.starGiftWithdrawalUrl	ProvenNotEmitted	
214	150	payments.starGifts	ProvenNotEmitted	
214	150	payments.starGiftsNotModified	ProvenNotEmitted	
214	150	payments.starsRevenueAdsAccountUrl	ProvenNotEmitted	
214	150	payments.starsRevenueStats	ProvenNotEmitted	
214	150	payments.starsRevenueWithdrawalUrl	ProvenNotEmitted	
214	150	payments.starsStatus	ProvenNotEmitted	
214	150	payments.suggestedStarRefBots	ProvenNotEmitted	
214	150	payments.uniqueStarGift	ProvenNotEmitted	
214	150	payments.uniqueStarGiftValueInfo	ProvenNotEmitted	
214	150	peerColor	NoTargetConstructor	
214	150	peerNotifySettings	Mechanical	
214	150	peerSettings	Mechanical	
214	150	peerStories	ProvenNotEmitted	
214	150	pendingSuggestion	ProvenNotEmitted	
214	150	phoneCall	Mechanical	
214	150	phoneCallDiscardReasonMigrateConferenceCall	ProvenNotEmitted	
214	150	poll	Semantic	convert_214_to_150_poll
214	150	pollAnswer	Semantic	convert_214_to_150_pollAnswer
214	150	pollResults	Semantic	convert_214_to_150_pollResults
214	150	postInteractionCountersMessage	ProvenNotEmitted	
214	150	postInteractionCountersStory	ProvenNotEmitted	
214	150	premium.boostsList	ProvenNotEmitted	
214	150	premium.boostsStatus	ProvenNotEmitted	
214	150	premium.myBoosts	ProvenNotEmitted	
214	150	premiumGiftCodeOption	ProvenNotEmitted	
214	150	premiumSubscriptionOption	Mechanical	
214	150	prepaidGiveaway	ProvenNotEmitted	
214	150	prepaidStarsGiveaway	ProvenNotEmitted	
214	150	privacyKeyAbout	NoTargetConstructor	
214	150	privacyKeyBirthday	NoTargetConstructor	
214	150	privacyKeyNoPaidMessages	NoTargetConstructor	
214	150	privacyKeyStarGiftsAutoSave	NoTargetConstructor	
214	150	privacyValueAllowBots	NoTargetConstructor	
214	150	privacyValueAllowCloseFriends	NoTargetConstructor	
214	150	privacyValueAllowPremium	NoTargetConstructor	
214	150	privacyValueDisallowBots	NoTargetConstructor	
214	150	profileTabFiles	ProvenNotEmitted	
214	150	profileTabGifs	ProvenNotEmitted	
214	150	profileTabGifts	ProvenNotEmitted	
214	150	profileTabLinks	ProvenNotEmitted	
214	150	profileTabMedia	ProvenNotEmitted	
214	150	profileTabMusic	ProvenNotEmitted	
214	150	profileTabPosts	ProvenNotEmitted	
214	150	profileTabVoice	ProvenNotEmitted	
214	150	publicForwardMessage	NoTargetConstructor	
214	150	publicForwardStory	ProvenNotEmitted	
214	150	quickReply	ProvenNotEmitted	
214	150	reactionNotificationsFromAll	ProvenNotEmitted	
214	150	reactionNotificationsFromContacts	ProvenNotEmitted	
214	150	reactionPaid	ProvenNotEmitted	
214	150	reactionsNotifySettings	NoTargetConstructor	
214	150	readParticipantDate	Unwrap	user_id
214	150	replyKeyboardMarkup	Mechanical	
214	150	reportResultAddComment	ProvenNotEmitted	
214	150	reportResultChooseOption	NoTargetConstructor	
214	150	reportResultReported	Semantic	convert_214_to_150_reportResultReported
214	150	requestPeerTypeBroadcast	ProvenNotEmitted	
214	150	requestPeerTypeChat	ProvenNotEmitted	
214	150	requestPeerTypeUser	ProvenNotEmitted	
214	150	requestedPeerChannel	ProvenNotEmitted	
214	150	requestedPeerChat	ProvenNotEmitted	
214	150	requestedPeerUser	ProvenNotEmitted	
214	150	requirementToContactEmpty	NoTargetConstructor	
214	150	requirementToContactPaidMessages	NoTargetConstructor	
214	150	requirementToContactPremium	NoTargetConstructor	
214	150	savedDialog	ProvenNotEmitted	
214	150	savedReactionTag	ProvenNotEmitted	
214	150	savedStarGift	ProvenNotEmitted	
214	150	searchPostsFlood	NoTargetConstructor	
214	150	smsJob	ProvenNotEmitted	
214	150	smsjobs.eligibleToJoin	ProvenNotEmitted	
214	150	smsjobs.status	NoTargetConstructor	
214	150	sponsoredMessage	ProvenNotEmitted	
214	150	sponsoredMessageReportOption	ProvenNotEmitted	
214	150	sponsoredPeer	ProvenNotEmitted	
214	150	starGift	ProvenNotEmitted	
214	150	starGiftAttributeBackdrop	ProvenNotEmitted	
214	150	starGiftAttributeCounter	ProvenNotEmitted	
214	150	starGiftAttributeIdBackdrop	ProvenNotEmitted	
214	150	starGiftAttributeIdModel	ProvenNotEmitted	
214	150	starGiftAttributeIdPattern	ProvenNotEmitted	
214	150	starGiftAttributeModel	ProvenNotEmitted	
214	150	starGiftAttributeOriginalDetails	ProvenNotEmitted	
214	150	starGiftAttributePattern	ProvenNotEmitted	
214	150	starGiftCollection	ProvenNotEmitted	
214	150	starGiftUnique	ProvenNotEmitted	
214	150	starRefProgram	ProvenNotEmitted	
214	150	starsAmount	ProvenNotEmitted	
214	150	starsGiftOption	ProvenNotEmitted	
214	150	starsGiveawayOption	ProvenNotEmitted	
214	150	starsGiveawayWinnersOption	ProvenNotEmitted	
214	150	starsRating	ProvenNotEmitted	
214	150	starsRevenueStatus	ProvenNotEmitted	
214	150	starsSubscription	ProvenNotEmitted	
214	150	starsSubscriptionPricing	ProvenNotEmitted	
214	150	starsTonAmount	ProvenNotEmitted	
214	150	starsTopupOption	ProvenNotEmitted	
214	150	starsTransaction	ProvenNotEmitted	
214	150	starsTransactionPeer	ProvenNotEmitted	
214	150	starsTransactionPeerAPI	ProvenNotEmitted	
214	150	starsTransactionPeerAds	ProvenNotEmitted	
214	150	starsTransactionPeerAppStore	ProvenNotEmitted	
214	150	starsTransactionPeerFragment	ProvenNotEmitted	
214	150	starsTransactionPeerPlayMarket	ProvenNotEmitted	
214	150	starsTransactionPeerPremiumBot	ProvenNotEmitted	
214	150	starsTransactionPeerUnsupported	ProvenNotEmitted	
214	150	stats.broadcastStats	Semantic	convert_214_to_150_stats_broadcastStats
214	150	stats.messageStats	Mechanical	
214	150	stats.publicForwards	Semantic	convert_214_to_150_stats_publicForwards
214	150	stats.storyStats	ProvenNotEmitted	
214	150	stickerSet	Semantic	convert_214_to_150_stickerSet
214	150	stickerSetNoCovered	Semantic	convert_214_to_150_stickerSetNoCovered
214	150	stories.albums	ProvenNotEmitted	
214	150	stories.albumsNotModified	ProvenNotEmitted	
214	150	stories.allStories	ProvenNotEmitted	
214	150	stories.allStoriesNotModified	ProvenNotEmitted	
214	150	stories.canSendStoryCount	ProvenNotEmitted	
214	150	stories.foundStories	ProvenNotEmitted	
214	150	stories.peerStories	ProvenNotEmitted	
214	150	stories.stories	ProvenNotEmitted	
214	150	stories.storyReactionsList	ProvenNotEmitted	
214	150	stories.storyViews	ProvenNotEmitted	
214	150	stories.storyViewsList	ProvenNotEmitted	
214	150	storiesStealthMode	ProvenNotEmitted	
214	150	storyAlbum	ProvenNotEmitted	
214	150	storyFwdHeader	ProvenNotEmitted	
214	150	storyItem	ProvenNotEmitted	
214	150	storyItemDeleted	ProvenNotEmitted	
214	150	storyItemSkipped	ProvenNotEmitted	
214	150	storyReaction	ProvenNotEmitted	
214	150	storyReactionPublicForward	ProvenNotEmitted	
214	150	storyReactionPublicRepost	ProvenNotEmitted	
214	150	storyView	ProvenNotEmitted	
214	150	storyViewPublicForward	ProvenNotEmitted	
214	150	storyViewPublicRepost	ProvenNotEmitted	
214	150	storyViews	ProvenNotEmitted	
214	150	suggestedPost	ProvenNotEmitted	
214	150	textWithEntities	NoTargetConstructor	
214	150	timezone	NoTargetConstructor	
214	150	todoCompletion	ProvenNotEmitted	
214	150	todoItem	ProvenNotEmitted	
214	150	todoList	ProvenNotEmitted	
214	150	topPeerCategoryBotsApp	ProvenNotEmitted	
214	150	updateAutoSaveSettings	ProvenNotEmitted	
214	150	updateBotBusinessConnect	NoTargetConstructor	
214	150	updateBotChatBoost	NoTargetConstructor	
214	150	updateBotDeleteBusinessMessage	NoTargetConstructor	
214	150	updateBotEditBusinessMessage	NoTargetConstructor	
214	150	updateBotMessageReaction	NoTargetConstructor	
214	150	updateBotMessageReactions	NoTargetConstructor	
214	150	updateBotNewBusinessMessage	NoTargetConstructor	
214	150	updateBotPurchasedPaidMedia	NoTargetConstructor	
214	150	updateBusinessBotCallbackQuery	ProvenNotEmitted	
214	150	updateChannelReadMessagesContents	Mechanical	
214	150	updateChannelViewForumAsMessages	NoTargetConstructor	
214	150	updateDeleteQuickReply	ProvenNotEmitted	
214	150	updateDeleteQuickReplyMessages	ProvenNotEmitted	
214	150	updateDeleteScheduledMessages	Mechanical	
214	150	updateDialogUnreadMark	Mechanical	
214	150	updateDraftMessage	Mechanical	
214	150	updateGroupCall	Semantic	convert_214_to_150_updateGroupCall
214	150	updateGroupCallChainBlocks	NoTargetConstructor	
214	150	updateMessageExtendedMedia	ProvenNotEmitted	
214	150	updateMessagePollVote	ProvenNotEmitted	
214	150	updateMessageReactions	Mechanical	
214	150	updateMonoForumNoPaidException	NoTargetConstructor	
214	150	updateNewAuthorization	ProvenNotEmitted	
214	150	updateNewQuickReply	ProvenNotEmitted	
214	150	updateNewStoryReaction	ProvenNotEmitted	
214	150	updatePaidReactionPrivacy	ProvenNotEmitted	
214	150	updatePeerBlocked	Semantic	convert_214_to_150_updatePeerBlocked
214	150	updatePeerWallpaper	NoTargetConstructor	
214	150	updatePinnedSavedDialogs	ProvenNotEmitted	
214	150	updateQuickReplies	ProvenNotEmitted	
214	150	updateQuickReplyMessage	ProvenNotEmitted	
214	150	updateReadMessagesContents	Mechanical	
214	150	updateReadMonoForumInbox	NoTargetConstructor	
214	150	updateReadMonoForumOutbox	NoTargetConstructor	
214	150	updateReadStories	ProvenNotEmitted	
214	150	updateSavedDialogPinned	ProvenNotEmitted	
214	150	updateSavedReactionTags	ProvenNotEmitted	
214	150	updateSentPhoneCode	ProvenNotEmitted	
214	150	updateSentStoryReaction	ProvenNotEmitted	
214	150	updateServiceNotification	Mechanical	
214	150	updateSmsJob	ProvenNotEmitted	
214	150	updateStarsBalance	ProvenNotEmitted	
214	150	updateStarsRevenueStatus	ProvenNotEmitted	
214	150	updateStoriesStealthMode	ProvenNotEmitted	
214	150	updateStory	ProvenNotEmitted	
214	150	updateStoryID	ProvenNotEmitted	
214	150	updateUser	Omit	
214	150	user	Mechanical	
214	150	userFull	Semantic	convert_214_to_150_userFull
214	150	userProfilePhoto	Mechanical	
214	150	userStatusLastMonth	Mechanical	
214	150	userStatusLastWeek	Mechanical	
214	150	userStatusRecently	Mechanical	
214	150	users.savedMusic	NoTargetConstructor	
214	150	users.savedMusicNotModified	NoTargetConstructor	
214	150	users.users	NoTargetConstructor	
214	150	users.usersSlice	ProvenNotEmitted	
214	150	videoSizeEmojiMarkup	ProvenNotEmitted	
214	150	videoSizeStickerMarkup	ProvenNotEmitted	
214	150	wallPaperSettings	Mechanical	
214	150	webPage	Mechanical	
214	150	webPageAttributeStarGiftCollection	ProvenNotEmitted	
214	150	webPageAttributeStickerSet	ProvenNotEmitted	
214	150	webPageAttributeStory	ProvenNotEmitted	
214	150	webPageAttributeUniqueStarGift	ProvenNotEmitted	
214	150	webPageEmpty	Mechanical	
214	150	webPagePending	Mechanical	
214	150	webViewResultUrl	ProvenNotEmitted	
