kind	name	layer
constructor	account.autoSaveSettings	214
constructor	account.businessChatLinks	214
constructor	account.chatThemes	214
constructor	account.chatThemesNotModified	214
constructor	account.connectedBots	214
constructor	account.paidMessagesRevenue	214
constructor	account.passkeyRegistrationOptions	219
constructor	account.passkeys	219
constructor	account.resolvedBusinessChatLinks	214
constructor	account.savedMusicIds	214
constructor	account.savedMusicIdsNotModified	214
constructor	account.webBrowserSettings	227
constructor	account.webBrowserSettingsNotModified	227
constructor	aiComposeTone	225
constructor	aiComposeToneDefault	225
constructor	aiComposeToneExample	225
constructor	aicompose.tones	225
constructor	aicompose.tonesNotModified	225
constructor	auctionBidLevel	218
constructor	auth.firebasePnvIntent	229
constructor	auth.passkeyLoginOptions	219
constructor	auth.sentCodePaymentRequired	214
constructor	auth.sentCodeSuccess	214
constructor	auth.sentCodeTypeFirebaseSms	214
constructor	auth.sentCodeTypeSmsPhrase	214
constructor	auth.sentCodeTypeSmsWord	214
constructor	autoSaveException	214
constructor	autoSaveSettings	214
constructor	availableEffect	214
constructor	birthday	214
constructor	boost	214
constructor	botApp	214
constructor	botAppNotModified	214
constructor	botAppSettings	214
constructor	botBusinessConnection	214
constructor	botInlineMessageMediaWebPage	214
constructor	botInlineMessageRichMessage	227
constructor	botPreviewMedia	214
constructor	botVerification	214
constructor	botVerifierSettings	214
constructor	bots.accessSettings	225
constructor	bots.botInfo	214
constructor	bots.exportedBotToken	224
constructor	bots.popularAppBots	214
constructor	bots.previewInfo	214
constructor	bots.requestedButton	224
constructor	businessAwayMessage	214
constructor	businessAwayMessageScheduleAlways	214
constructor	businessAwayMessageScheduleCustom	214
constructor	businessAwayMessageScheduleOutsideWorkHours	214
constructor	businessBotRecipients	214
constructor	businessBotRights	214
constructor	businessChatLink	214
constructor	businessGreetingMessage	214
constructor	businessIntro	214
constructor	businessLocation	214
constructor	businessRecipients	214
constructor	businessWeeklyOpen	214
constructor	businessWorkHours	214
constructor	buttonTypeDefault	229
constructor	buttonTypeRequestGeoLocation	229
constructor	buttonTypeRequestPeer	229
constructor	buttonTypeRequestPhone	229
constructor	buttonTypeRequestPoll	229
constructor	buttonTypeSimpleWebView	229
constructor	channelAdminLogEventActionChangeEmojiStatus	214
constructor	channelAdminLogEventActionChangeEmojiStickerSet	214
constructor	channelAdminLogEventActionChangePeerColor	214
constructor	channelAdminLogEventActionChangeProfilePeerColor	214
constructor	channelAdminLogEventActionChangeWallpaper	214
constructor	channelAdminLogEventActionParticipantEditRank	223
constructor	channelAdminLogEventActionParticipantSubExtend	214
constructor	channelAdminLogEventActionToggleAutotranslation	214
constructor	channelAdminLogEventActionToggleSignatureProfiles	214
constructor	channels.sponsoredMessageReportResultAdsHidden	214
constructor	channels.sponsoredMessageReportResultChooseOption	214
constructor	channels.sponsoredMessageReportResultReported	214
constructor	chatTheme	214
constructor	chatThemeUniqueGift	214
constructor	chatlists.chatlistInvite	214
constructor	chatlists.chatlistInviteAlready	214
constructor	chatlists.chatlistUpdates	214
constructor	chatlists.exportedChatlistInvite	214
constructor	chatlists.exportedInvites	214
constructor	communities.participantJoinedChats	228
constructor	communities.peerLinkRequests	228
constructor	community	228
constructor	communityForbidden	228
constructor	communityFull	228
constructor	communityPeer	228
constructor	communityPeerRequest	228
constructor	connectedBot	214
constructor	connectedBotStarRef	214
constructor	contactBirthday	214
constructor	contacts.contactBirthdays	214
constructor	contacts.sponsoredPeers	214
constructor	contacts.sponsoredPeersEmpty	214
constructor	dialogCommunity	228
constructor	dialogFilterChatlist	214
constructor	dialogPeerCommunity	228
constructor	disallowedGiftsSettings	214
constructor	emojiGroup	214
constructor	emojiGroupGreeting	214
constructor	emojiGroupPremium	214
constructor	emojiList	214
constructor	emojiListNotModified	214
constructor	emojiStatusCollectible	214
constructor	ephemeral.welcomeMessages	229
constructor	ephemeral.welcomeMessagesNotModified	229
constructor	ephemeralMessage	228
constructor	exportedChatlistInvite	214
constructor	exportedStoryLink	214
constructor	factCheck	214
constructor	foundStory	214
constructor	fragment.collectibleInfo	214
constructor	geoPointAddress	214
constructor	groupCallDonor	217
constructor	groupCallMessage	217
constructor	help.appConfig	214
constructor	help.appConfigNotModified	214
constructor	help.peerColorOption	214
constructor	help.peerColorProfileSet	214
constructor	help.peerColorSet	214
constructor	help.peerColors	214
constructor	help.peerColorsNotModified	214
constructor	help.timezonesList	214
constructor	help.timezonesListNotModified	214
constructor	inlineBotWebView	214
constructor	inlineButtonTypeBuy	229
constructor	inlineButtonTypeCallback	229
constructor	inlineButtonTypeCopy	229
constructor	inlineButtonTypeDisabled	229
constructor	inlineButtonTypeGame	229
constructor	inlineButtonTypeSwitchInline	229
constructor	inlineButtonTypeUrl	229
constructor	inlineButtonTypeUrlAuth	229
constructor	inlineButtonTypeUserProfile	229
constructor	inlineButtonTypeWebView	229
constructor	inlineQueryPeerTypeBotPM	214
constructor	inputAiComposeToneDefault	225
constructor	inputAiComposeToneID	225
constructor	inputAiComposeToneSingleUse	228
constructor	inputAiComposeToneSlug	225
constructor	inputBotAppID	214
constructor	inputBotAppShortName	214
constructor	inputBotInlineMessageMediaWebPage	214
constructor	inputBotInlineMessageRichMessage	227
constructor	inputBusinessAwayMessage	214
constructor	inputBusinessBotRecipients	214
constructor	inputBusinessChatLink	214
constructor	inputBusinessGreetingMessage	214
constructor	inputBusinessIntro	214
constructor	inputBusinessRecipients	214
constructor	inputButtonTypeRequestPeer	229
constructor	inputChatTheme	214
constructor	inputChatThemeEmpty	214
constructor	inputChatThemeUniqueGift	214
constructor	inputChatlistDialogFilter	214
constructor	inputCollectiblePhone	214
constructor	inputCollectibleUsername	214
constructor	inputDialogPeerCommunity	228
constructor	inputEmojiStatusCollectible	214
constructor	inputFileStoryDocument	214
constructor	inputGroupCallInviteMessage	214
constructor	inputGroupCallSlug	214
constructor	inputInlineButtonTypeUrlAuth	229
constructor	inputInlineButtonTypeUserProfile	229
constructor	inputInvoiceBusinessBotTransferStars	214
constructor	inputInvoiceChatInviteSubscription	214
constructor	inputInvoicePremiumAuthCode	215
constructor	inputInvoicePremiumGiftCode	214
constructor	inputInvoicePremiumGiftStars	214
constructor	inputInvoiceStarGift	214
constructor	inputInvoiceStarGiftAuctionBid	218
constructor	inputInvoiceStarGiftDropOriginalDetails	215
constructor	inputInvoiceStarGiftPrepaidUpgrade	214
constructor	inputInvoiceStarGiftResale	214
constructor	inputInvoiceStarGiftTransfer	214
constructor	inputInvoiceStarGiftUpgrade	214
constructor	inputInvoiceStars	214
constructor	inputMediaAreaChannelPost	214
constructor	inputMediaAreaVenue	214
constructor	inputMediaPaidMedia	214
constructor	inputMediaStakeDice	221
constructor	inputMediaStory	214
constructor	inputMediaTodo	214
constructor	inputMediaWebPage	214
constructor	inputMessageReadMetric	224
constructor	inputMessagesFilterPoll	224
constructor	inputNotifyCommunity	228
constructor	inputPageBlockMap	227
constructor	inputPasskeyCredentialFirebasePNV	221
constructor	inputPasskeyCredentialPublicKey	219
constructor	inputPasskeyResponseLogin	219
constructor	inputPasskeyResponseRegister	219
constructor	inputPeerColorCollectible	216
constructor	inputPollAnswer	224
constructor	inputPrivacyKeyAbout	214
constructor	inputPrivacyKeyBirthday	214
constructor	inputPrivacyKeyNoPaidMessages	214
constructor	inputPrivacyKeySavedMusic	217
constructor	inputPrivacyKeyStarGiftsAutoSave	214
constructor	inputPrivacyValueAllowBots	214
constructor	inputPrivacyValueAllowCloseFriends	214
constructor	inputPrivacyValueAllowPremium	214
constructor	inputPrivacyValueDisallowBots	214
constructor	inputQuickReplyShortcut	214
constructor	inputQuickReplyShortcutId	214
constructor	inputReplyToEphemeralMessage	228
constructor	inputReplyToMessage	214
constructor	inputReplyToMonoForum	214
constructor	inputReplyToStory	214
constructor	inputRichFileDocument	227
constructor	inputRichFilePhoto	227
constructor	inputRichMessage	227
constructor	inputRichMessageHTML	227
constructor	inputRichMessageMarkdown	227
constructor	inputSavedStarGiftChat	214
constructor	inputSavedStarGiftSlug	214
constructor	inputSavedStarGiftUser	214
constructor	inputSendMessageRichMessageDraftAction	227
constructor	inputStarGiftAuction	218
constructor	inputStarGiftAuctionSlug	218
constructor	inputStarsTransaction	214
constructor	inputStickerSetEmojiChannelDefaultStatuses	214
constructor	inputStickerSetTonGifts	214
constructor	inputStorePaymentAuthCode	214
constructor	inputStorePaymentPremiumGiftCode	214
constructor	inputStorePaymentPremiumGiveaway	214
constructor	inputStorePaymentStarsGift	214
constructor	inputStorePaymentStarsGiveaway	214
constructor	inputStorePaymentStarsTopup	214
constructor	joinChatBotResultApproved	227
constructor	joinChatBotResultDeclined	227
constructor	joinChatBotResultQueued	227
constructor	joinChatBotResultWebView	227
constructor	keyboardButtonStyle	222
constructor	keyboardInlineButton	229
constructor	keyboardInlineButtonRow	229
constructor	mediaAreaChannelPost	214
constructor	mediaAreaCoordinates	214
constructor	mediaAreaGeoPoint	214
constructor	mediaAreaStarGift	214
constructor	mediaAreaSuggestedReaction	214
constructor	mediaAreaUrl	214
constructor	mediaAreaVenue	214
constructor	mediaAreaWeather	214
constructor	messageActionBoostApply	214
constructor	messageActionChangeCommunity	228
constructor	messageActionChangeCreator	222
constructor	messageActionChatJoinedViaCommunity	229
constructor	messageActionConferenceCall	214
constructor	messageActionGiftCode	214
constructor	messageActionGiftStars	214
constructor	messageActionGiftTon	214
constructor	messageActionGiveawayLaunch	214
constructor	messageActionGiveawayResults	214
constructor	messageActionManagedBotCreated	224
constructor	messageActionNewCreatorPending	222
constructor	messageActionNoForwardsRequest	223
constructor	messageActionNoForwardsToggle	223
constructor	messageActionPaidMessagesPrice	214
constructor	messageActionPaidMessagesRefunded	214
constructor	messageActionPaymentRefunded	214
constructor	messageActionPollAppendAnswer	224
constructor	messageActionPollDeleteAnswer	224
constructor	messageActionPrizeStars	214
constructor	messageActionRequestedPeer	214
constructor	messageActionRequestedPeerSentMe	214
constructor	messageActionSetChatWallPaper	214
constructor	messageActionStarGift	214
constructor	messageActionStarGiftPurchaseOffer	220
constructor	messageActionStarGiftPurchaseOfferDeclined	220
constructor	messageActionStarGiftUnique	214
constructor	messageActionSuggestBirthday	216
constructor	messageActionSuggestProfilePhoto	214
constructor	messageActionSuggestedPostApproval	214
constructor	messageActionSuggestedPostRefund	214
constructor	messageActionSuggestedPostSuccess	214
constructor	messageActionTodoAppendTasks	214
constructor	messageActionTodoCompletions	214
constructor	messageEntityBlockquote	214
constructor	messageEntityDiffDelete	224
constructor	messageEntityDiffInsert	224
constructor	messageEntityDiffReplace	224
constructor	messageEntityFormattedDate	223
constructor	messageMediaGiveaway	214
constructor	messageMediaGiveawayResults	214
constructor	messageMediaPaidMedia	214
constructor	messageMediaStory	214
constructor	messageMediaToDo	214
constructor	messageMediaVideoStream	217
constructor	messagePeerVote	214
constructor	messagePeerVoteInputOption	214
constructor	messagePeerVoteMultiple	214
constructor	messageReactor	214
constructor	messageReplyStoryHeader	214
constructor	messageReportOption	214
constructor	messages.availableEffects	214
constructor	messages.availableEffectsNotModified	214
constructor	messages.botApp	214
constructor	messages.botPreparedInlineMessage	214
constructor	messages.chatInviteJoinResultOk	227
constructor	messages.chatInviteJoinResultWebView	227
constructor	messages.composedMessageWithAI	224
constructor	messages.composedRichMessageWithAI	228
constructor	messages.dialogFilters	214
constructor	messages.emojiGameDiceInfo	221
constructor	messages.emojiGameOutcome	221
constructor	messages.emojiGameUnavailable	221
constructor	messages.emojiGroups	214
constructor	messages.emojiGroupsNotModified	214
constructor	messages.foundStickers	214
constructor	messages.foundStickersNotModified	214
constructor	messages.invitedUsers	214
constructor	messages.myStickers	214
constructor	messages.preparedInlineMessage	214
constructor	messages.quickReplies	214
constructor	messages.quickRepliesNotModified	214
constructor	messages.savedDialogs	214
constructor	messages.savedDialogsNotModified	214
constructor	messages.savedDialogsSlice	214
constructor	messages.savedReactionTags	214
constructor	messages.savedReactionTagsNotModified	214
constructor	messages.translateResult	214
constructor	messages.translatedRichMessage	228
constructor	messages.webPage	214
constructor	messages.webPagePreview	214
constructor	missingInvitee	214
constructor	monoForumDialog	214
constructor	myBoost	214
constructor	notifyCommunity	228
constructor	outboxReadDate	214
constructor	pageBlockBlockquoteBlocks	227
constructor	pageBlockButtonRow	229
constructor	pageBlockDocument	229
constructor	pageBlockHeading1	227
constructor	pageBlockHeading2	227
constructor	pageBlockHeading3	227
constructor	pageBlockHeading4	227
constructor	pageBlockHeading5	227
constructor	pageBlockHeading6	227
constructor	pageBlockMath	227
constructor	pageBlockThinking	227
constructor	pageButton	229
constructor	paidReactionPrivacyAnonymous	214
constructor	paidReactionPrivacyDefault	214
constructor	paidReactionPrivacyPeer	214
constructor	passkey	219
constructor	payments.checkCanSendGiftResultFail	214
constructor	payments.checkCanSendGiftResultOk	214
constructor	payments.checkedGiftCode	214
constructor	payments.connectedStarRefBots	214
constructor	payments.giveawayInfo	214
constructor	payments.giveawayInfoResults	214
constructor	payments.paymentFormStarGift	214
constructor	payments.paymentFormStars	214
constructor	payments.paymentReceiptStars	214
constructor	payments.resaleStarGifts	214
constructor	payments.savedStarGifts	214
constructor	payments.starGiftActiveAuctions	218
constructor	payments.starGiftActiveAuctionsNotModified	218
constructor	payments.starGiftAuctionAcquiredGifts	218
constructor	payments.starGiftAuctionState	218
constructor	payments.starGiftCollections	214
constructor	payments.starGiftCollectionsNotModified	214
constructor	payments.starGiftUpgradeAttributes	220
constructor	payments.starGiftUpgradePreview	214
constructor	payments.starGiftWithdrawalUrl	214
constructor	payments.starGifts	214
constructor	payments.starGiftsNotModified	214
constructor	payments.starsRevenueAdsAccountUrl	214
constructor	payments.starsRevenueStats	214
constructor	payments.starsRevenueWithdrawalUrl	214
constructor	payments.starsStatus	214
constructor	payments.suggestedStarRefBots	214
constructor	payments.uniqueStarGift	214
constructor	payments.uniqueStarGiftValueInfo	214
constructor	peerColor	214
constructor	peerColorCollectible	216
constructor	peerStories	214
constructor	pendingSuggestion	214
constructor	phone.groupCallStars	217
constructor	phoneCallDiscardReasonMigrateConferenceCall	214
constructor	postInteractionCountersMessage	214
constructor	postInteractionCountersStory	214
constructor	premium.boostsList	214
constructor	premium.boostsStatus	214
constructor	premium.myBoosts	214
constructor	premiumGiftCodeOption	214
constructor	prepaidGiveaway	214
constructor	prepaidStarsGiveaway	214
constructor	privacyKeyAbout	214
constructor	privacyKeyBirthday	214
constructor	privacyKeyNoPaidMessages	214
constructor	privacyKeySavedMusic	217
constructor	privacyKeyStarGiftsAutoSave	214
constructor	privacyValueAllowBots	214
constructor	privacyValueAllowCloseFriends	214
constructor	privacyValueAllowPremium	214
constructor	privacyValueDisallowBots	214
constructor	profileTabFiles	214
constructor	profileTabGifs	214
constructor	profileTabGifts	214
constructor	profileTabLinks	214
constructor	profileTabMedia	214
constructor	profileTabMusic	214
constructor	profileTabPosts	214
constructor	profileTabVoice	214
constructor	publicForwardMessage	214
constructor	publicForwardStory	214
constructor	quickReply	214
constructor	reactionNotificationsFromAll	214
constructor	reactionNotificationsFromContacts	214
constructor	reactionPaid	214
constructor	reactionsNotifySettings	214
constructor	readParticipantDate	214
constructor	recentStory	217
constructor	reportResultAddComment	214
constructor	reportResultChooseOption	214
constructor	reportResultReported	214
constructor	requestPeerTypeBroadcast	214
constructor	requestPeerTypeChat	214
constructor	requestPeerTypeCreateBot	224
constructor	requestPeerTypeUser	214
constructor	requestedPeerChannel	214
constructor	requestedPeerChat	214
constructor	requestedPeerUser	214
constructor	requirementToContactEmpty	214
constructor	requirementToContactPaidMessages	214
constructor	requirementToContactPremium	214
constructor	richButtonStyle	229
constructor	richMessage	227
constructor	savedDialog	214
constructor	savedReactionTag	214
constructor	savedStarGift	214
constructor	searchPostsFlood	214
constructor	sendMessageRichMessageDraftAction	227
constructor	sendMessageStopDraftAction	229
constructor	sendMessageTextDraftAction	216
constructor	smsJob	214
constructor	smsjobs.eligibleToJoin	214
constructor	smsjobs.status	214
constructor	sponsoredMessageReportOption	214
constructor	sponsoredPeer	214
constructor	starGift	214
constructor	starGiftActiveAuctionState	218
constructor	starGiftAttributeBackdrop	214
constructor	starGiftAttributeCounter	214
constructor	starGiftAttributeIdBackdrop	214
constructor	starGiftAttributeIdModel	214
constructor	starGiftAttributeIdPattern	214
constructor	starGiftAttributeModel	214
constructor	starGiftAttributeOriginalDetails	214
constructor	starGiftAttributePattern	214
constructor	starGiftAttributeRarity	222
constructor	starGiftAttributeRarityEpic	222
constructor	starGiftAttributeRarityLegendary	222
constructor	starGiftAttributeRarityRare	222
constructor	starGiftAttributeRarityUncommon	222
constructor	starGiftAuctionAcquiredGift	218
constructor	starGiftAuctionRound	220
constructor	starGiftAuctionRoundExtendable	220
constructor	starGiftAuctionState	218
constructor	starGiftAuctionStateFinished	218
constructor	starGiftAuctionStateNotModified	218
constructor	starGiftAuctionUserState	218
constructor	starGiftBackground	220
constructor	starGiftCollection	214
constructor	starGiftUnique	214
constructor	starGiftUpgradePrice	215
constructor	starRefProgram	214
constructor	starsAmount	214
constructor	starsGiftOption	214
constructor	starsGiveawayOption	214
constructor	starsGiveawayWinnersOption	214
constructor	starsRating	214
constructor	starsRevenueStatus	214
constructor	starsSubscription	214
constructor	starsSubscriptionPricing	214
constructor	starsTonAmount	214
constructor	starsTopupOption	214
constructor	starsTransaction	214
constructor	starsTransactionPeer	214
constructor	starsTransactionPeerAPI	214
constructor	starsTransactionPeerAds	214
constructor	starsTransactionPeerAppStore	214
constructor	starsTransactionPeerFragment	214
constructor	starsTransactionPeerPlayMarket	214
constructor	starsTransactionPeerPremiumBot	214
constructor	starsTransactionPeerUnsupported	214
constructor	stats.pollStats	225
constructor	stats.publicForwards	214
constructor	stats.storyStats	214
constructor	stickerSetNoCovered	214
constructor	stories.albums	214
constructor	stories.albumsNotModified	214
constructor	stories.allStories	214
constructor	stories.allStoriesNotModified	214
constructor	stories.canSendStoryCount	214
constructor	stories.foundStories	214
constructor	stories.peerStories	214
constructor	stories.stories	214
constructor	stories.storyReactionsList	214
constructor	stories.storyViews	214
constructor	stories.storyViewsList	214
constructor	storiesStealthMode	214
constructor	storyAlbum	214
constructor	storyFwdHeader	214
constructor	storyItem	214
constructor	storyItemDeleted	214
constructor	storyItemSkipped	214
constructor	storyReaction	214
constructor	storyReactionPublicForward	214
constructor	storyReactionPublicRepost	214
constructor	storyView	214
constructor	storyViewPublicForward	214
constructor	storyViewPublicRepost	214
constructor	storyViews	214
constructor	suggestedPost	214
constructor	textAutoEmail	227
constructor	textAutoPhone	227
constructor	textAutoUrl	227
constructor	textBankCard	227
constructor	textBotCommand	227
constructor	textButton	229
constructor	textCashtag	227
constructor	textCustomEmoji	227
constructor	textDate	227
constructor	textDiff	228
constructor	textHashtag	227
constructor	textMath	227
constructor	textMention	227
constructor	textMentionName	227
constructor	textSpoiler	227
constructor	textWithEntities	214
constructor	timezone	214
constructor	todoCompletion	214
constructor	todoItem	214
constructor	todoList	214
constructor	topPeerCategoryBotsApp	214
constructor	topPeerCategoryBotsGuestChat	225
constructor	updateAiComposeTones	225
constructor	updateAutoSaveSettings	214
constructor	updateBotBusinessConnect	214
constructor	updateBotChatBoost	214
constructor	updateBotDeleteBusinessMessage	214
constructor	updateBotEditBusinessMessage	214
constructor	updateBotGuestChatQuery	225
constructor	updateBotMessageReaction	214
constructor	updateBotMessageReactions	214
constructor	updateBotNewBusinessMessage	214
constructor	updateBotPurchasedPaidMedia	214
constructor	updateBotStarsSubscription	228
constructor	updateBusinessBotCallbackQuery	214
constructor	updateChannelViewForumAsMessages	214
constructor	updateChatParticipantRank	223
constructor	updateDeleteEphemeralMessages	228
constructor	updateDeleteGroupCallMessages	217
constructor	updateDeleteQuickReply	214
constructor	updateDeleteQuickReplyMessages	214
constructor	updateEditEphemeralMessage	228
constructor	updateEmojiGameInfo	221
constructor	updateEphemeralBotCallbackQuery	228
constructor	updateGroupCallChainBlocks	214
constructor	updateGroupCallEncryptedMessage	216
constructor	updateGroupCallMessage	216
constructor	updateJoinChatWebViewDecision	227
constructor	updateManagedBot	224
constructor	updateMonoForumNoPaidException	214
constructor	updateNewAuthorization	214
constructor	updateNewBotConnection	227
constructor	updateNewEphemeralMessage	228
constructor	updateNewQuickReply	214
constructor	updateNewStoryReaction	214
constructor	updatePaidReactionPrivacy	214
constructor	updatePeerWallpaper	214
constructor	updatePinnedForumTopic	216
constructor	updatePinnedForumTopics	216
constructor	updatePinnedSavedDialogs	214
constructor	updateQuickReplies	214
constructor	updateQuickReplyMessage	214
constructor	updateReadMonoForumInbox	214
constructor	updateReadMonoForumOutbox	214
constructor	updateReadStories	214
constructor	updateSavedDialogPinned	214
constructor	updateSavedReactionTags	214
constructor	updateSentPhoneCode	214
constructor	updateSentStoryReaction	214
constructor	updateSmsJob	214
constructor	updateStarGiftAuctionState	218
constructor	updateStarGiftAuctionUserState	218
constructor	updateStarGiftCraftFail	222
constructor	updateStarsBalance	214
constructor	updateStarsRevenueStatus	214
constructor	updateStoriesStealthMode	214
constructor	updateStory	214
constructor	updateStoryID	214
constructor	updateUser	214
constructor	updateWebBrowserException	227
constructor	updateWebBrowserSettings	227
constructor	users.savedMusic	214
constructor	users.savedMusicNotModified	214
constructor	users.users	214
constructor	users.usersSlice	214
constructor	videoSizeEmojiMarkup	214
constructor	videoSizeStickerMarkup	214
constructor	webDomainException	227
constructor	webPageAttributeAiComposeTone	225
constructor	webPageAttributeStarGiftAuction	218
constructor	webPageAttributeStarGiftCollection	214
constructor	webPageAttributeStickerSet	214
constructor	webPageAttributeStory	214
constructor	webPageAttributeUniqueStarGift	214
method	account.confirmBotConnection	227
method	account.createBusinessChatLink	214
method	account.deleteAutoSaveExceptions	214
method	account.deleteBusinessChatLink	214
method	account.deletePasskey	219
method	account.deleteWebBrowserSettingsExceptions	227
method	account.disablePeerConnectedBot	214
method	account.editBusinessChatLink	214
method	account.getAutoSaveSettings	214
method	account.getBotBusinessConnection	214
method	account.getBusinessChatLinks	214
method	account.getChannelDefaultEmojiStatuses	214
method	account.getChannelRestrictedStatusEmojis	214
method	account.getCollectibleEmojiStatuses	214
method	account.getConnectedBots	214
method	account.getDefaultBackgroundEmojis	214
method	account.getDefaultGroupPhotoEmojis	214
method	account.getDefaultProfilePhotoEmojis	214
method	account.getPaidMessagesRevenue	214
method	account.getPasskeys	219
method	account.getReactionsNotifySettings	214
method	account.getSavedMusicIds	214
method	account.getUniqueGiftChatThemes	214
method	account.getWebBrowserSettings	227
method	account.initPasskeyRegistration	219
method	account.invalidateSignInCodes	214
method	account.registerPasskey	219
method	account.resolveBusinessChatLink	214
method	account.saveAutoSaveSettings	214
method	account.saveMusic	214
method	account.setMainProfileTab	214
method	account.setReactionsNotifySettings	214
method	account.toggleConnectedBotPaused	214
method	account.toggleNoPaidMessagesException	214
method	account.toggleSponsoredMessages	214
method	account.toggleWebBrowserSettingsException	227
method	account.updateBirthday	214
method	account.updateBusinessAwayMessage	214
method	account.updateBusinessGreetingMessage	214
method	account.updateBusinessIntro	214
method	account.updateBusinessLocation	214
method	account.updateBusinessWorkHours	214
method	account.updateColor	214
method	account.updateConnectedBot	214
method	account.updatePersonalChannel	214
method	account.updateWebBrowserSettings	227
method	aicompose.createTone	225
method	aicompose.deleteTone	225
method	aicompose.getTone	225
method	aicompose.getToneExample	225
method	aicompose.getTones	225
method	aicompose.saveTone	225
method	aicompose.updateTone	225
method	auth.checkPaidAuth	215
method	auth.finishFirebasePnvLogin	229
method	auth.finishPasskeyLogin	219
method	auth.firebasePnvSignUp	229
method	auth.initFirebasePnvLogin	229
method	auth.initPasskeyLogin	219
method	auth.reportMissingCode	214
method	auth.requestFirebaseSms	214
method	auth.resetLoginEmail	214
method	bots.addPreviewMedia	214
method	bots.allowSendMessage	214
method	bots.canSendMessage	214
method	bots.checkDownloadFileParams	214
method	bots.checkUsername	224
method	bots.createBot	224
method	bots.deletePreviewMedia	214
method	bots.editAccessSettings	225
method	bots.editPreviewMedia	214
method	bots.exportBotToken	224
method	bots.getAccessSettings	225
method	bots.getAdminedBots	214
method	bots.getBotInfo	214
method	bots.getBotRecommendations	214
method	bots.getPopularAppBots	214
method	bots.getPreviewInfo	214
method	bots.getPreviewMedias	214
method	bots.getRequestedWebViewButton	224
method	bots.invokeWebViewCustomMethod	214
method	bots.reorderPreviewMedias	214
method	bots.reorderUsernames	214
method	bots.requestWebViewButton	224
method	bots.setBotInfo	214
method	bots.setCustomVerification	214
method	bots.setJoinChatResults	227
method	bots.toggleUserEmojiStatusPermission	214
method	bots.toggleUsername	214
method	bots.updateStarRefProgram	214
method	bots.updateUserEmojiStatus	214
method	channels.checkSearchPostsFlood	214
method	channels.getChannelRecommendations	214
method	channels.getMessageAuthor	214
method	channels.restrictSponsoredMessages	214
method	channels.searchPosts	214
method	channels.setBoostsToUnblockRestrictions	214
method	channels.setEmojiStickers	214
method	channels.setMainProfileTab	214
method	channels.toggleAutotranslation	214
method	channels.toggleParticipantsHidden	214
method	channels.toggleViewForumAsMessages	214
method	channels.updateColor	214
method	channels.updateEmojiStatus	214
method	channels.updatePaidMessagesPrice	214
method	chatlists.checkChatlistInvite	214
method	chatlists.deleteExportedInvite	214
method	chatlists.editExportedInvite	214
method	chatlists.exportChatlistInvite	214
method	chatlists.getChatlistUpdates	214
method	chatlists.getExportedInvites	214
method	chatlists.getLeaveChatlistSuggestions	214
method	chatlists.hideChatlistUpdates	214
method	chatlists.joinChatlistInvite	214
method	chatlists.joinChatlistUpdates	214
method	chatlists.leaveChatlist	214
method	communities.create	228
method	communities.getJoinedCommunities	228
method	communities.getParticipantJoinedChats	228
method	communities.getPeerLinkRequests	228
method	communities.toggleAllPeerLinkRequestApproval	228
method	communities.toggleCommunityCollapsedInDialogs	228
method	communities.toggleParticipantBanned	228
method	communities.togglePeerLink	228
method	communities.togglePeerLinkRequestApproval	228
method	contacts.editCloseFriends	214
method	contacts.getBirthdays	214
method	contacts.getSponsoredPeers	214
method	contacts.setBlocked	214
method	contacts.updateContactNote	216
method	ephemeral.deleteAllWelcomeMessages	229
method	ephemeral.deleteMessage	228
method	ephemeral.deleteWelcomeMessage	229
method	ephemeral.editMessage	228
method	ephemeral.getCallbackAnswer	228
method	ephemeral.getWelcomeMessages	229
method	ephemeral.reportMessage	228
method	ephemeral.sendMessage	228
method	fragment.getCollectibleInfo	214
method	help.getPeerColors	214
method	help.getPeerProfileColors	214
method	help.getTimezonesList	214
method	invokeWithApnsSecret	214
method	invokeWithBusinessConnection	214
method	invokeWithGooglePlayIntegrity	214
method	invokeWithReCaptcha	214
method	messages.addPollAnswer	224
method	messages.appendTodoList	214
method	messages.checkQuickReplyShortcut	214
method	messages.checkUrlAuthMatchCode	223
method	messages.clickSponsoredMessage	214
method	messages.composeMessageWithAI	224
method	messages.composeRichMessageWithAI	228
method	messages.createForumTopic	216
method	messages.declineUrlAuth	223
method	messages.deleteFactCheck	214
method	messages.deleteParticipantReaction	225
method	messages.deleteParticipantReactions	225
method	messages.deletePollAnswer	224
method	messages.deleteQuickReplyMessages	214
method	messages.deleteQuickReplyShortcut	214
method	messages.deleteSavedHistory	214
method	messages.deleteTopicHistory	216
method	messages.editChatCreator	223
method	messages.editChatParticipantRank	223
method	messages.editFactCheck	214
method	messages.editForumTopic	216
method	messages.editQuickReplyShortcut	214
method	messages.getAvailableEffects	214
method	messages.getBotApp	214
method	messages.getDefaultTagReactions	214
method	messages.getEmojiGameInfo	221
method	messages.getEmojiGroups	214
method	messages.getEmojiProfilePhotoGroups	214
method	messages.getEmojiStatusGroups	214
method	messages.getEmojiStickerGroups	214
method	messages.getFactCheck	214
method	messages.getForumTopics	216
method	messages.getForumTopicsByID	216
method	messages.getFutureChatCreatorAfterLeave	223
method	messages.getMyStickers	214
method	messages.getOutboxReadDate	214
method	messages.getPaidReactionPrivacy	214
method	messages.getPersonalChannelHistory	225
method	messages.getPinnedSavedDialogs	214
method	messages.getPreparedInlineMessage	214
method	messages.getQuickReplies	214
method	messages.getQuickReplyMessages	214
method	messages.getRichMessage	227
method	messages.getSavedDialogs	214
method	messages.getSavedDialogsByID	214
method	messages.getSavedHistory	214
method	messages.getSavedReactionTags	214
method	messages.getSponsoredMessages	214
method	messages.getUnreadPollVotes	224
method	messages.readPollVotes	224
method	messages.readSavedHistory	214
method	messages.reorderPinnedForumTopics	216
method	messages.reorderPinnedSavedDialogs	214
method	messages.reorderQuickReplies	214
method	messages.reportMessagesDelivery	214
method	messages.reportMusicListen	224
method	messages.reportReadMetrics	224
method	messages.reportSponsoredMessage	214
method	messages.requestAppWebView	214
method	messages.requestChatJoinWebView	228
method	messages.requestMainWebView	214
method	messages.savePreparedInlineMessage	214
method	messages.searchCustomEmoji	214
method	messages.searchEmojiStickerSets	214
method	messages.searchStickers	214
method	messages.sendBotRequestedPeer	214
method	messages.sendPaidReaction	214
method	messages.sendQuickReplyMessages	214
method	messages.setBotGuestChatResult	225
method	messages.setChatWallPaper	214
method	messages.summarizeText	221
method	messages.toggleDialogFilterTags	214
method	messages.togglePaidReactionPrivacy	214
method	messages.togglePeerTranslations	214
method	messages.toggleSavedDialogPin	214
method	messages.toggleSuggestedPostApproval	214
method	messages.toggleTodoCompleted	214
method	messages.translateRichMessage	228
method	messages.updatePinnedForumTopic	216
method	messages.updateSavedReactionTag	214
method	messages.viewSponsoredMessage	214
method	payments.applyGiftCode	214
method	payments.botCancelStarsSubscription	214
method	payments.canPurchaseStore	214
method	payments.changeStarsSubscription	214
method	payments.checkCanSendGift	214
method	payments.checkGiftCode	214
method	payments.connectStarRefBot	214
method	payments.convertStarGift	214
method	payments.craftStarGift	222
method	payments.createStarGiftCollection	214
method	payments.deleteStarGiftCollection	214
method	payments.editConnectedStarRefBot	214
method	payments.fulfillStarsSubscription	214
method	payments.getConnectedStarRefBot	214
method	payments.getConnectedStarRefBots	214
method	payments.getCraftStarGifts	222
method	payments.getGiveawayInfo	214
method	payments.getPremiumGiftCodeOptions	214
method	payments.getResaleStarGifts	214
method	payments.getSavedStarGift	214
method	payments.getSavedStarGifts	214
method	payments.getStarGiftActiveAuctions	218
method	payments.getStarGiftAuctionAcquiredGifts	218
method	payments.getStarGiftAuctionState	218
method	payments.getStarGiftCollections	214
method	payments.getStarGiftUpgradeAttributes	220
method	payments.getStarGiftUpgradePreview	214
method	payments.getStarGiftWithdrawalUrl	214
method	payments.getStarGifts	214
method	payments.getStarsGiftOptions	214
method	payments.getStarsGiveawayOptions	214
method	payments.getStarsRevenueAdsAccountUrl	214
method	payments.getStarsRevenueStats	214
method	payments.getStarsRevenueWithdrawalUrl	214
method	payments.getStarsStatus	214
method	payments.getStarsSubscriptions	214
method	payments.getStarsTopupOptions	214
method	payments.getStarsTransactions	214
method	payments.getStarsTransactionsByID	214
method	payments.getSuggestedStarRefBots	214
method	payments.getUniqueStarGift	214
method	payments.getUniqueStarGiftValueInfo	214
method	payments.launchPrepaidGiveaway	214
method	payments.refundStarsCharge	214
method	payments.reorderStarGiftCollections	214
method	payments.resolveStarGiftOffer	220
method	payments.saveStarGift	214
method	payments.sendStarGiftOffer	220
method	payments.sendStarsForm	214
method	payments.toggleChatStarGiftNotifications	214
method	payments.toggleStarGiftsPinnedToTop	214
method	payments.transferStarGift	214
method	payments.updateStarGiftCollection	214
method	payments.updateStarGiftPrice	214
method	payments.upgradeStarGift	214
method	phone.createConferenceCall	214
method	phone.declineConferenceCallInvite	214
method	phone.deleteConferenceCallParticipants	214
method	phone.deleteGroupCallMessages	217
method	phone.deleteGroupCallParticipantMessages	217
method	phone.getGroupCallChainBlocks	214
method	phone.getGroupCallStars	217
method	phone.inviteConferenceCallParticipant	214
method	phone.saveDefaultSendAs	217
method	phone.sendConferenceCallBroadcast	214
method	phone.sendGroupCallEncryptedMessage	216
method	phone.sendGroupCallMessage	216
method	photos.uploadContactProfilePhoto	214
method	premium.applyBoost	214
method	premium.getBoostsList	214
method	premium.getBoostsStatus	214
method	premium.getMyBoosts	214
method	premium.getUserBoosts	214
method	smsjobs.finishJob	214
method	smsjobs.getSmsJob	214
method	smsjobs.getStatus	214
method	smsjobs.isEligibleToJoin	214
method	smsjobs.join	214
method	smsjobs.leave	214
method	smsjobs.updateSettings	214
method	stats.getPollStats	225
method	stats.getStoryPublicForwards	214
method	stats.getStoryStats	214
method	stickers.changeSticker	214
method	stickers.deleteStickerSet	214
method	stickers.renameStickerSet	214
method	stickers.replaceSticker	214
method	stories.activateStealthMode	214
method	stories.canSendStory	214
method	stories.createAlbum	214
method	stories.deleteAlbum	214
method	stories.deleteStories	214
method	stories.editStory	214
method	stories.exportStoryLink	214
method	stories.getAlbumStories	214
method	stories.getAlbums	214
method	stories.getAllReadPeerStories	214
method	stories.getAllStories	214
method	stories.getChatsToSend	214
method	stories.getPeerMaxIDs	214
method	stories.getPeerStories	214
method	stories.getPinnedStories	214
method	stories.getStoriesArchive	214
method	stories.getStoriesByID	214
method	stories.getStoriesViews	214
method	stories.getStoryReactionsList	214
method	stories.getStoryViewsList	214
method	stories.incrementStoryViews	214
method	stories.readStories	214
method	stories.reorderAlbums	214
method	stories.report	214
method	stories.searchPosts	214
method	stories.sendReaction	214
method	stories.sendStory	214
method	stories.startLive	217
method	stories.toggleAllStoriesHidden	214
method	stories.togglePeerStoriesHidden	214
method	stories.togglePinned	214
method	stories.togglePinnedToTop	214
method	stories.updateAlbum	214
method	users.getRequirementsToContact	214
method	users.getSavedMusic	214
method	users.getSavedMusicByID	214
method	users.suggestBirthday	216
